label count,Agricultural zone,month(chara)
0,1,7.5
0,1,7.5
0,1,7.5
0,1,7.5
0,1,7.5
0,1,7.5
0,1,7.5
0,1,7.5
0,1,7.5
0,1,7.5
0,1,7.5
0,1,7.5
0,1,7.5
0,1,7.5
0,1,7.5
0,1,7.5
0,2,8
0,2,8
0,2,8
0,2,8
0,2,8
0,2,8
0,2,8
0,2,8
0,2,8
0,2,8
0,2,8
0,2,8
0,2,8
0,2,8
0,2,8
0,2,8
0,3,7
0,3,7
0,3,7
0,3,7
0,3,7
0,3,7
0,3,7
0,3,7
0,3,7
0,3,7
0,3,7
0,3,7
0,3,7
0,3,7
0,3,7
0,3,7
0,4,7.5
0,4,7.5
0,4,7.5
0,4,7.5
0,4,7.5
0,4,7.5
0,4,7.5
0,4,7.5
0,4,7.5
0,4,7.5
0,4,7.5
0,4,7.5
0,4,7.5
0,4,7.5
0,4,7.5
0,4,7.5
0,5,7.25
0,5,7.25
0,5,7.25
0,5,7.25
0,5,7.25
0,5,7.25
0,5,7.25
0,5,7.25
0,5,7.25
0,5,7.25
0,5,7.25
0,5,7.25
0,5,7.25
0,5,7.25
0,5,7.25
0,5,7.25
0,6,6.75
0,6,6.75
0,6,6.75
0,6,6.75
0,6,6.75
0,6,6.75
0,6,6.75
0,6,6.75
0,6,6.75
0,6,6.75
0,6,6.75
0,6,6.75
0,6,6.75
0,6,6.75
0,6,6.75
0,6,6.75
0,7,7.75
0,7,7.75
0,7,7.75
0,7,7.75
0,7,7.75
0,7,7.75
0,7,7.75
0,7,7.75
0,7,7.75
0,7,7.75
0,7,7.75
0,7,7.75
0,7,7.75
0,7,7.75
0,7,7.75
0,7,7.75
0,14,8.5
0,14,8.5
0,14,8.5
0,14,8.5
0,14,8.5
0,14,8.5
0,14,8.5
0,14,8.5
0,14,8.5
0,14,8.5
0,14,8.5
0,14,8.5
0,14,8.5
0,14,8.5
0,14,8.5
0,14,8.5
0,8,8.25
0,8,8.25
0,8,8.25
0,8,8.25
0,8,8.25
0,8,8.25
0,8,8.25
0,8,8.25
0,8,8.25
0,8,8.25
0,8,8.25
0,8,8.25
0,8,8.25
0,8,8.25
0,8,8.25
0,8,8.25
0,9,8.25
0,9,8.25
0,9,8.25
0,9,8.25
0,9,8.25
0,9,8.25
0,9,8.25
0,9,8.25
0,9,8.25
0,9,8.25
0,9,8.25
0,9,8.25
0,9,8.25
0,9,8.25
0,9,8.25
0,9,8.25
0,10,7
0,10,7
0,10,7
0,10,7
0,10,7
0,10,7
0,10,7
0,10,7
0,10,7
0,10,7
0,10,7
0,10,7
0,10,7
0,10,7
0,10,7
0,10,7
0,11,7
0,11,7
0,11,7
0,11,7
0,11,7
0,11,7
0,11,7
0,11,7
0,11,7
0,11,7
0,11,7
0,11,7
0,11,7
0,11,7
0,11,7
0,11,7
0,12,8.25
0,12,8.25
0,12,8.25
0,12,8.25
0,12,8.25
0,12,8.25
0,12,8.25
0,12,8.25
0,12,8.25
0,12,8.25
0,12,8.25
0,12,8.25
0,12,8.25
0,12,8.25
0,12,8.25
0,12,8.25
0,13,7
0,13,7
0,13,7
0,13,7
0,13,7
0,13,7
0,13,7
0,13,7
0,13,7
0,13,7
0,13,7
0,13,7
0,13,7
0,13,7
0,13,7
0,13,7
1,1,10
1,1,10
1,1,10
1,1,10
1,1,10
1,1,10
1,1,10
1,1,10
1,1,10
1,1,10
1,1,10
1,1,10
1,1,10
1,1,10
1,1,10
1,1,10
1,2,11
1,2,11
1,2,11
1,2,11
1,2,11
1,2,11
1,2,11
1,2,11
1,2,11
1,2,11
1,2,11
1,2,11
1,2,11
1,2,11
1,2,11
1,2,11
1,3,10
1,3,10
1,3,10
1,3,10
1,3,10
1,3,10
1,3,10
1,3,10
1,3,10
1,3,10
1,3,10
1,3,10
1,3,10
1,3,10
1,3,10
1,3,10
1,4,10
1,4,10
1,4,10
1,4,10
1,4,10
1,4,10
1,4,10
1,4,10
1,4,10
1,4,10
1,4,10
1,4,10
1,4,10
1,4,10
1,4,10
1,4,10
1,5,10.25
1,5,10.25
1,5,10.25
1,5,10.25
1,5,10.25
1,5,10.25
1,5,10.25
1,5,10.25
1,5,10.25
1,5,10.25
1,5,10.25
1,5,10.25
1,5,10.25
1,5,10.25
1,5,10.25
1,5,10.25
1,6,10
1,6,10
1,6,10
1,6,10
1,6,10
1,6,10
1,6,10
1,6,10
1,6,10
1,6,10
1,6,10
1,6,10
1,6,10
1,6,10
1,6,10
1,6,10
1,7,10.25
1,7,10.25
1,7,10.25
1,7,10.25
1,7,10.25
1,7,10.25
1,7,10.25
1,7,10.25
1,7,10.25
1,7,10.25
1,7,10.25
1,7,10.25
1,7,10.25
1,7,10.25
1,7,10.25
1,7,10.25
1,8,11
1,8,11
1,8,11
1,8,11
1,8,11
1,8,11
1,8,11
1,8,11
1,8,11
1,8,11
1,8,11
1,8,11
1,8,11
1,8,11
1,8,11
1,8,11
1,9,10.25
1,9,10.25
1,9,10.25
1,9,10.25
1,9,10.25
1,9,10.25
1,9,10.25
1,9,10.25
1,9,10.25
1,9,10.25
1,9,10.25
1,9,10.25
1,9,10.25
1,9,10.25
1,9,10.25
1,9,10.25
1,10,10.25
1,10,10.25
1,10,10.25
1,10,10.25
1,10,10.25
1,10,10.25
1,10,10.25
1,10,10.25
1,10,10.25
1,10,10.25
1,10,10.25
1,10,10.25
1,10,10.25
1,10,10.25
1,10,10.25
1,10,10.25
1,12,10
1,12,10
1,12,10
1,12,10
1,12,10
1,12,10
1,12,10
1,12,10
1,12,10
1,12,10
1,12,10
1,12,10
1,12,10
1,12,10
1,12,10
1,12,10
1,13,10.25
1,13,10.25
1,13,10.25
1,13,10.25
1,13,10.25
1,13,10.25
1,13,10.25
1,13,10.25
1,13,10.25
1,13,10.25
1,13,10.25
1,13,10.25
1,13,10.25
1,13,10.25
1,13,10.25
1,13,10.25
2,1,12
2,1,12
2,1,12
2,1,12
2,1,12
2,1,12
2,1,12
2,1,12
2,1,12
2,1,12
2,1,12
2,1,12
2,1,12
2,1,12
2,1,12
2,1,12
2,2,12
2,2,12
2,2,12
2,2,12
2,2,12
2,2,12
2,2,12
2,2,12
2,2,12
2,2,12
2,2,12
2,2,12
2,2,12
2,2,12
2,2,12
2,2,12
2,3,9
2,3,9
2,3,9
2,3,9
2,3,9
2,3,9
2,3,9
2,3,9
2,3,9
2,3,9
2,3,9
2,3,9
2,3,9
2,3,9
2,3,9
2,3,9
2,4,9
2,4,9
2,4,9
2,4,9
2,4,9
2,4,9
2,4,9
2,4,9
2,4,9
2,4,9
2,4,9
2,4,9
2,4,9
2,4,9
2,4,9
2,4,9
2,5,9
2,5,9
2,5,9
2,5,9
2,5,9
2,5,9
2,5,9
2,5,9
2,5,9
2,5,9
2,5,9
2,5,9
2,5,9
2,5,9
2,5,9
2,5,9
2,6,11
2,6,11
2,6,11
2,6,11
2,6,11
2,6,11
2,6,11
2,6,11
2,6,11
2,6,11
2,6,11
2,6,11
2,6,11
2,6,11
2,6,11
2,6,11
2,8,11
2,8,11
2,8,11
2,8,11
2,8,11
2,8,11
2,8,11
2,8,11
2,8,11
2,8,11
2,8,11
2,8,11
2,8,11
2,8,11
2,8,11
2,8,11
2,14,10
2,14,10
2,14,10
2,14,10
2,14,10
2,14,10
2,14,10
2,14,10
2,14,10
2,14,10
2,14,10
2,14,10
2,14,10
2,14,10
2,14,10
2,14,10
2,9,9
2,9,9
2,9,9
2,9,9
2,9,9
2,9,9
2,9,9
2,9,9
2,9,9
2,9,9
2,9,9
2,9,9
2,9,9
2,9,9
2,9,9
2,9,9
2,10,11
2,10,11
2,10,11
2,10,11
2,10,11
2,10,11
2,10,11
2,10,11
2,10,11
2,10,11
2,10,11
2,10,11
2,10,11
2,10,11
2,10,11
2,10,11
3,1,11.25
3,1,11.25
3,1,11.25
3,1,11.25
3,1,11.25
3,1,11.25
3,1,11.25
3,1,11.25
3,1,11.25
3,1,11.25
3,1,11.25
3,1,11.25
3,1,11.25
3,1,11.25
3,1,11.25
3,1,11.25
3,2,11.25
3,2,11.25
3,2,11.25
3,2,11.25
3,2,11.25
3,2,11.25
3,2,11.25
3,2,11.25
3,2,11.25
3,2,11.25
3,2,11.25
3,2,11.25
3,2,11.25
3,2,11.25
3,2,11.25
3,2,11.25
3,4,11.75
3,4,11.75
3,4,11.75
3,4,11.75
3,4,11.75
3,4,11.75
3,4,11.75
3,4,11.75
3,4,11.75
3,4,11.75
3,4,11.75
3,4,11.75
3,4,11.75
3,4,11.75
3,4,11.75
3,4,11.75
3,5,11.25
3,5,11.25
3,5,11.25
3,5,11.25
3,5,11.25
3,5,11.25
3,5,11.25
3,5,11.25
3,5,11.25
3,5,11.25
3,5,11.25
3,5,11.25
3,5,11.25
3,5,11.25
3,5,11.25
3,5,11.25
3,6,11.25
3,6,11.25
3,6,11.25
3,6,11.25
3,6,11.25
3,6,11.25
3,6,11.25
3,6,11.25
3,6,11.25
3,6,11.25
3,6,11.25
3,6,11.25
3,6,11.25
3,6,11.25
3,6,11.25
3,6,11.25
3,7,11.25
3,7,11.25
3,7,11.25
3,7,11.25
3,7,11.25
3,7,11.25
3,7,11.25
3,7,11.25
3,7,11.25
3,7,11.25
3,7,11.25
3,7,11.25
3,7,11.25
3,7,11.25
3,7,11.25
3,7,11.25
3,8,11.25
3,8,11.25
3,8,11.25
3,8,11.25
3,8,11.25
3,8,11.25
3,8,11.25
3,8,11.25
3,8,11.25
3,8,11.25
3,8,11.25
3,8,11.25
3,8,11.25
3,8,11.25
3,8,11.25
3,8,11.25
3,14,11.25
3,14,11.25
3,14,11.25
3,14,11.25
3,14,11.25
3,14,11.25
3,14,11.25
3,14,11.25
3,14,11.25
3,14,11.25
3,14,11.25
3,14,11.25
3,14,11.25
3,14,11.25
3,14,11.25
3,14,11.25
3,9,11
3,9,11
3,9,11
3,9,11
3,9,11
3,9,11
3,9,11
3,9,11
3,9,11
3,9,11
3,9,11
3,9,11
3,9,11
3,9,11
3,9,11
3,9,11
3,10,11.25
3,10,11.25
3,10,11.25
3,10,11.25
3,10,11.25
3,10,11.25
3,10,11.25
3,10,11.25
3,10,11.25
3,10,11.25
3,10,11.25
3,10,11.25
3,10,11.25
3,10,11.25
3,10,11.25
3,10,11.25
3,13,10.25
3,13,10.25
3,13,10.25
3,13,10.25
3,13,10.25
3,13,10.25
3,13,10.25
3,13,10.25
3,13,10.25
3,13,10.25
3,13,10.25
3,13,10.25
3,13,10.25
3,13,10.25
3,13,10.25
3,13,10.25
3,12,11.25
3,12,11.25
3,12,11.25
3,12,11.25
3,12,11.25
3,12,11.25
3,12,11.25
3,12,11.25
3,12,11.25
3,12,11.25
3,12,11.25
3,12,11.25
3,12,11.25
3,12,11.25
3,12,11.25
3,12,11.25
4,1,2
4,1,2
4,1,2
4,1,2
4,1,2
4,1,2
4,1,2
4,1,2
4,1,2
4,1,2
4,1,2
4,1,2
4,1,2
4,1,2
4,1,2
4,1,2
4,2,2
4,2,2
4,2,2
4,2,2
4,2,2
4,2,2
4,2,2
4,2,2
4,2,2
4,2,2
4,2,2
4,2,2
4,2,2
4,2,2
4,2,2
4,2,2
4,5,2
4,5,2
4,5,2
4,5,2
4,5,2
4,5,2
4,5,2
4,5,2
4,5,2
4,5,2
4,5,2
4,5,2
4,5,2
4,5,2
4,5,2
4,5,2
4,8,2
4,8,2
4,8,2
4,8,2
4,8,2
4,8,2
4,8,2
4,8,2
4,8,2
4,8,2
4,8,2
4,8,2
4,8,2
4,8,2
4,8,2
4,8,2
4,9,2
4,9,2
4,9,2
4,9,2
4,9,2
4,9,2
4,9,2
4,9,2
4,9,2
4,9,2
4,9,2
4,9,2
4,9,2
4,9,2
4,9,2
4,9,2
4,11,2
4,11,2
4,11,2
4,11,2
4,11,2
4,11,2
4,11,2
4,11,2
4,11,2
4,11,2
4,11,2
4,11,2
4,11,2
4,11,2
4,11,2
4,11,2
4,13,2
4,13,2
4,13,2
4,13,2
4,13,2
4,13,2
4,13,2
4,13,2
4,13,2
4,13,2
4,13,2
4,13,2
4,13,2
4,13,2
4,13,2
4,13,2
5,1,11
5,1,11
5,1,11
5,1,11
5,1,11
5,1,11
5,1,11
5,1,11
5,1,11
5,1,11
5,1,11
5,1,11
5,1,11
5,1,11
5,1,11
5,1,11
5,2,9
5,2,9
5,2,9
5,2,9
5,2,9
5,2,9
5,2,9
5,2,9
5,2,9
5,2,9
5,2,9
5,2,9
5,2,9
5,2,9
5,2,9
5,2,9
5,3,10
5,3,10
5,3,10
5,3,10
5,3,10
5,3,10
5,3,10
5,3,10
5,3,10
5,3,10
5,3,10
5,3,10
5,3,10
5,3,10
5,3,10
5,3,10
5,4,10
5,4,10
5,4,10
5,4,10
5,4,10
5,4,10
5,4,10
5,4,10
5,4,10
5,4,10
5,4,10
5,4,10
5,4,10
5,4,10
5,4,10
5,4,10
5,5,10
5,5,10
5,5,10
5,5,10
5,5,10
5,5,10
5,5,10
5,5,10
5,5,10
5,5,10
5,5,10
5,5,10
5,5,10
5,5,10
5,5,10
5,5,10
5,8,9.25
5,8,9.25
5,8,9.25
5,8,9.25
5,8,9.25
5,8,9.25
5,8,9.25
5,8,9.25
5,8,9.25
5,8,9.25
5,8,9.25
5,8,9.25
5,8,9.25
5,8,9.25
5,8,9.25
5,8,9.25
5,12,10
5,12,10
5,12,10
5,12,10
5,12,10
5,12,10
5,12,10
5,12,10
5,12,10
5,12,10
5,12,10
5,12,10
5,12,10
5,12,10
5,12,10
5,12,10
5,10,11
5,10,11
5,10,11
5,10,11
5,10,11
5,10,11
5,10,11
5,10,11
5,10,11
5,10,11
5,10,11
5,10,11
5,10,11
5,10,11
5,10,11
5,10,11
5,9,9.5
5,9,9.5
5,9,9.5
5,9,9.5
5,9,9.5
5,9,9.5
5,9,9.5
5,9,9.5
5,9,9.5
5,9,9.5
5,9,9.5
5,9,9.5
5,9,9.5
5,9,9.5
5,9,9.5
5,9,9.5
5,14,10.5
5,14,10.5
5,14,10.5
5,14,10.5
5,14,10.5
5,14,10.5
5,14,10.5
5,14,10.5
5,14,10.5
5,14,10.5
5,14,10.5
5,14,10.5
5,14,10.5
5,14,10.5
5,14,10.5
5,14,10.5
6,1,2.5
6,1,2.5
6,1,2.5
6,1,2.5
6,1,2.5
6,1,2.5
6,1,2.5
6,1,2.5
6,1,2.5
6,1,2.5
6,1,2.5
6,1,2.5
6,1,2.5
6,1,2.5
6,1,2.5
6,1,2.5
6,2,3
6,2,3
6,2,3
6,2,3
6,2,3
6,2,3
6,2,3
6,2,3
6,2,3
6,2,3
6,2,3
6,2,3
6,2,3
6,2,3
6,2,3
6,2,3
6,3,4
6,3,4
6,3,4
6,3,4
6,3,4
6,3,4
6,3,4
6,3,4
6,3,4
6,3,4
6,3,4
6,3,4
6,3,4
6,3,4
6,3,4
6,3,4
6,4,4
6,4,4
6,4,4
6,4,4
6,4,4
6,4,4
6,4,4
6,4,4
6,4,4
6,4,4
6,4,4
6,4,4
6,4,4
6,4,4
6,4,4
6,4,4
6,5,3.25
6,5,3.25
6,5,3.25
6,5,3.25
6,5,3.25
6,5,3.25
6,5,3.25
6,5,3.25
6,5,3.25
6,5,3.25
6,5,3.25
6,5,3.25
6,5,3.25
6,5,3.25
6,5,3.25
6,5,3.25
6,8,3.25
6,8,3.25
6,8,3.25
6,8,3.25
6,8,3.25
6,8,3.25
6,8,3.25
6,8,3.25
6,8,3.25
6,8,3.25
6,8,3.25
6,8,3.25
6,8,3.25
6,8,3.25
6,8,3.25
6,8,3.25
6,12,5
6,12,5
6,12,5
6,12,5
6,12,5
6,12,5
6,12,5
6,12,5
6,12,5
6,12,5
6,12,5
6,12,5
6,12,5
6,12,5
6,12,5
6,12,5
6,10,5
6,10,5
6,10,5
6,10,5
6,10,5
6,10,5
6,10,5
6,10,5
6,10,5
6,10,5
6,10,5
6,10,5
6,10,5
6,10,5
6,10,5
6,10,5
6,9,3.25
6,9,3.25
6,9,3.25
6,9,3.25
6,9,3.25
6,9,3.25
6,9,3.25
6,9,3.25
6,9,3.25
6,9,3.25
6,9,3.25
6,9,3.25
6,9,3.25
6,9,3.25
6,9,3.25
6,9,3.25
6,14,6
6,14,6
6,14,6
6,14,6
6,14,6
6,14,6
6,14,6
6,14,6
6,14,6
6,14,6
6,14,6
6,14,6
6,14,6
6,14,6
6,14,6
6,14,6
7,1,12
7,1,12
7,1,12
7,1,12
7,1,12
7,1,12
7,1,12
7,1,12
7,1,12
7,1,12
7,1,12
7,1,12
7,1,12
7,1,12
7,1,12
7,1,12
7,2,12
7,2,12
7,2,12
7,2,12
7,2,12
7,2,12
7,2,12
7,2,12
7,2,12
7,2,12
7,2,12
7,2,12
7,2,12
7,2,12
7,2,12
7,2,12
7,3,11
7,3,11
7,3,11
7,3,11
7,3,11
7,3,11
7,3,11
7,3,11
7,3,11
7,3,11
7,3,11
7,3,11
7,3,11
7,3,11
7,3,11
7,3,11
7,4,11
7,4,11
7,4,11
7,4,11
7,4,11
7,4,11
7,4,11
7,4,11
7,4,11
7,4,11
7,4,11
7,4,11
7,4,11
7,4,11
7,4,11
7,4,11
7,5,11
7,5,11
7,5,11
7,5,11
7,5,11
7,5,11
7,5,11
7,5,11
7,5,11
7,5,11
7,5,11
7,5,11
7,5,11
7,5,11
7,5,11
7,5,11
7,6,11
7,6,11
7,6,11
7,6,11
7,6,11
7,6,11
7,6,11
7,6,11
7,6,11
7,6,11
7,6,11
7,6,11
7,6,11
7,6,11
7,6,11
7,6,11
7,7,10.5
7,7,10.5
7,7,10.5
7,7,10.5
7,7,10.5
7,7,10.5
7,7,10.5
7,7,10.5
7,7,10.5
7,7,10.5
7,7,10.5
7,7,10.5
7,7,10.5
7,7,10.5
7,7,10.5
7,7,10.5
7,8,10
7,8,10
7,8,10
7,8,10
7,8,10
7,8,10
7,8,10
7,8,10
7,8,10
7,8,10
7,8,10
7,8,10
7,8,10
7,8,10
7,8,10
7,8,10
7,14,11.5
7,14,11.5
7,14,11.5
7,14,11.5
7,14,11.5
7,14,11.5
7,14,11.5
7,14,11.5
7,14,11.5
7,14,11.5
7,14,11.5
7,14,11.5
7,14,11.5
7,14,11.5
7,14,11.5
7,14,11.5
7,9,11
7,9,11
7,9,11
7,9,11
7,9,11
7,9,11
7,9,11
7,9,11
7,9,11
7,9,11
7,9,11
7,9,11
7,9,11
7,9,11
7,9,11
7,9,11
7,10,10.5
7,10,10.5
7,10,10.5
7,10,10.5
7,10,10.5
7,10,10.5
7,10,10.5
7,10,10.5
7,10,10.5
7,10,10.5
7,10,10.5
7,10,10.5
7,10,10.5
7,10,10.5
7,11,11
7,11,11
7,11,11
7,11,11
7,11,11
7,11,11
7,11,11
7,11,11
7,11,11
7,11,11
7,11,11
7,11,11
7,11,11
7,11,11
7,11,11
7,11,11
7,13,11
7,13,11
7,13,11
7,13,11
7,13,11
7,13,11
7,13,11
7,13,11
7,13,11
7,13,11
7,13,11
7,13,11
7,13,11
7,13,11
7,13,11
7,13,11
8,1,1
8,1,1
8,1,1
8,1,1
8,1,1
8,1,1
8,1,1
8,1,1
8,1,1
8,1,1
8,1,1
8,1,1
8,1,1
8,1,1
8,1,1
8,1,1
8,3,1
8,3,1
8,3,1
8,3,1
8,3,1
8,3,1
8,3,1
8,3,1
8,3,1
8,3,1
8,3,1
8,3,1
8,3,1
8,3,1
8,3,1
8,3,1
8,13,1
8,13,1
8,13,1
8,13,1
8,13,1
8,13,1
8,13,1
8,13,1
8,13,1
8,13,1
8,13,1
8,13,1
8,13,1
8,13,1
8,13,1
8,13,1
9,1,12.5
9,1,12.5
9,1,12.5
9,1,12.5
9,1,12.5
9,1,12.5
9,1,12.5
9,1,12.5
9,1,12.5
9,1,12.5
9,1,12.5
9,1,12.5
9,1,12.5
9,1,12.5
9,1,12.5
9,1,12.5
9,2,1.75
9,2,1.75
9,2,1.75
9,2,1.75
9,2,1.75
9,2,1.75
9,2,1.75
9,2,1.75
9,2,1.75
9,2,1.75
9,2,1.75
9,2,1.75
9,2,1.75
9,2,1.75
9,2,1.75
9,2,1.75
9,3,11.75
9,3,11.75
9,3,11.75
9,3,11.75
9,3,11.75
9,3,11.75
9,3,11.75
9,3,11.75
9,3,11.75
9,3,11.75
9,3,11.75
9,3,11.75
9,3,11.75
9,3,11.75
9,3,11.75
9,3,11.75
9,4,10.75
9,4,10.75
9,4,10.75
9,4,10.75
9,4,10.75
9,4,10.75
9,4,10.75
9,4,10.75
9,4,10.75
9,4,10.75
9,4,10.75
9,4,10.75
9,4,10.75
9,4,10.75
9,4,10.75
9,4,10.75
9,5,11.5
9,5,11.5
9,5,11.5
9,5,11.5
9,5,11.5
9,5,11.5
9,5,11.5
9,5,11.5
9,5,11.5
9,5,11.5
9,5,11.5
9,5,11.5
9,5,11.5
9,5,11.5
9,5,11.5
9,5,11.5
9,6,12.5
9,6,12.5
9,6,12.5
9,6,12.5
9,6,12.5
9,6,12.5
9,6,12.5
9,6,12.5
9,6,12.5
9,6,12.5
9,6,12.5
9,6,12.5
9,6,12.5
9,6,12.5
9,6,12.5
9,6,12.5
9,7,11.5
9,7,11.5
9,7,11.5
9,7,11.5
9,7,11.5
9,7,11.5
9,7,11.5
9,7,11.5
9,7,11.5
9,7,11.5
9,7,11.5
9,7,11.5
9,7,11.5
9,7,11.5
9,7,11.5
9,7,11.5
9,8,2.5
9,8,2.5
9,8,2.5
9,8,2.5
9,8,2.5
9,8,2.5
9,8,2.5
9,8,2.5
9,8,2.5
9,8,2.5
9,8,2.5
9,8,2.5
9,8,2.5
9,8,2.5
9,8,2.5
9,8,2.5
9,14,2.5
9,14,2.5
9,14,2.5
9,14,2.5
9,14,2.5
9,14,2.5
9,14,2.5
9,14,2.5
9,14,2.5
9,14,2.5
9,14,2.5
9,14,2.5
9,14,2.5
9,14,2.5
9,14,2.5
9,14,2.5
9,9,12.5
9,9,12.5
9,9,12.5
9,9,12.5
9,9,12.5
9,9,12.5
9,9,12.5
9,9,12.5
9,9,12.5
9,9,12.5
9,9,12.5
9,9,12.5
9,9,12.5
9,9,12.5
9,9,12.5
9,9,12.5
9,10,1.25
9,10,1.25
9,10,1.25
9,10,1.25
9,10,1.25
9,10,1.25
9,10,1.25
9,10,1.25
9,10,1.25
9,10,1.25
9,10,1.25
9,10,1.25
9,10,1.25
9,10,1.25
9,10,1.25
9,10,1.25
9,11,12.5
9,11,12.5
9,11,12.5
9,11,12.5
9,11,12.5
9,11,12.5
9,11,12.5
9,11,12.5
9,11,12.5
9,11,12.5
9,11,12.5
9,11,12.5
9,11,12.5
9,11,12.5
9,11,12.5
9,11,12.5
9,13,12.5
9,13,12.5
9,13,12.5
9,13,12.5
9,13,12.5
9,13,12.5
9,13,12.5
9,13,12.5
9,13,12.5
9,13,12.5
9,13,12.5
9,13,12.5
9,13,12.5
9,13,12.5
9,13,12.5
9,13,12.5
9,12,11.5
9,12,11.5
9,12,11.5
9,12,11.5
9,12,11.5
9,12,11.5
9,12,11.5
9,12,11.5
9,12,11.5
9,12,11.5
9,12,11.5
9,12,11.5
9,12,11.5
9,12,11.5
9,12,11.5
9,12,11.5
10,5,10.25
10,5,10.25
10,5,10.25
10,5,10.25
10,5,10.25
10,5,10.25
10,5,10.25
10,5,10.25
10,5,10.25
10,5,10.25
10,5,10.25
10,5,10.25
10,5,10.25
10,5,10.25
10,5,10.25
10,5,10.25
10,1,11
10,1,11
10,1,11
10,1,11
10,1,11
10,1,11
10,1,11
10,1,11
10,1,11
10,1,11
10,1,11
10,1,11
10,1,11
10,1,11
10,1,11
10,1,11
10,2,10
10,2,10
10,2,10
10,2,10
10,2,10
10,2,10
10,2,10
10,2,10
10,2,10
10,2,10
10,2,10
10,2,10
10,2,10
10,2,10
10,2,10
10,2,10
10,3,10
10,3,10
10,3,10
10,3,10
10,3,10
10,3,10
10,3,10
10,3,10
10,3,10
10,3,10
10,3,10
10,3,10
10,3,10
10,3,10
10,3,10
10,3,10
10,4,10
10,4,10
10,4,10
10,4,10
10,4,10
10,4,10
10,4,10
10,4,10
10,4,10
10,4,10
10,4,10
10,4,10
10,4,10
10,4,10
10,4,10
10,4,10
10,6,11.25
10,6,11.25
10,6,11.25
10,6,11.25
10,6,11.25
10,6,11.25
10,6,11.25
10,6,11.25
10,6,11.25
10,6,11.25
10,6,11.25
10,6,11.25
10,6,11.25
10,6,11.25
10,6,11.25
10,6,11.25
10,7,10
10,7,10
10,7,10
10,7,10
10,7,10
10,7,10
10,7,10
10,7,10
10,7,10
10,7,10
10,7,10
10,7,10
10,7,10
10,7,10
10,7,10
10,7,10
10,8,11
10,8,11
10,8,11
10,8,11
10,8,11
10,8,11
10,8,11
10,8,11
10,8,11
10,8,11
10,8,11
10,8,11
10,8,11
10,8,11
10,8,11
10,8,11
10,14,11
10,14,11
10,14,11
10,14,11
10,14,11
10,14,11
10,14,11
10,14,11
10,14,11
10,14,11
10,14,11
10,14,11
10,14,11
10,14,11
10,14,11
10,14,11
10,9,10.25
10,9,10.25
10,9,10.25
10,9,10.25
10,9,10.25
10,9,10.25
10,9,10.25
10,9,10.25
10,9,10.25
10,9,10.25
10,9,10.25
10,9,10.25
10,9,10.25
10,9,10.25
10,9,10.25
10,9,10.25
10,10,10.25
10,10,10.25
10,10,10.25
10,10,10.25
10,10,10.25
10,10,10.25
10,10,10.25
10,10,10.25
10,10,10.25
10,10,10.25
10,10,10.25
10,10,10.25
10,10,10.25
10,10,10.25
10,10,10.25
10,10,10.25
10,11,10.25
10,11,10.25
10,11,10.25
10,11,10.25
10,11,10.25
10,11,10.25
10,11,10.25
10,11,10.25
10,11,10.25
10,11,10.25
10,11,10.25
10,11,10.25
10,11,10.25
10,11,10.25
10,11,10.25
10,11,10.25
10,13,11.25
10,13,11.25
10,13,11.25
10,13,11.25
10,13,11.25
10,13,11.25
10,13,11.25
10,13,11.25
10,13,11.25
10,13,11.25
10,13,11.25
10,13,11.25
10,13,11.25
10,13,11.25
10,13,11.25
10,13,11.25
10,12,10
10,12,10
10,12,10
10,12,10
10,12,10
10,12,10
10,12,10
10,12,10
10,12,10
10,12,10
10,12,10
10,12,10
10,12,10
10,12,10
10,12,10
10,12,10
11,6,1.25
11,6,1.25
11,6,1.25
11,6,1.25
11,6,1.25
11,6,1.25
11,6,1.25
11,6,1.25
11,6,1.25
11,6,1.25
11,6,1.25
11,6,1.25
11,6,1.25
11,6,1.25
11,6,1.25
11,6,1.25
11,8,1.25
11,8,1.25
11,8,1.25
11,8,1.25
11,8,1.25
11,8,1.25
11,8,1.25
11,8,1.25
11,8,1.25
11,8,1.25
11,8,1.25
11,8,1.25
11,8,1.25
11,8,1.25
11,8,1.25
11,8,1.25
11,14,12.75
11,14,12.75
11,14,12.75
11,14,12.75
11,14,12.75
11,14,12.75
11,14,12.75
11,14,12.75
11,14,12.75
11,14,12.75
11,14,12.75
11,14,12.75
11,14,12.75
11,14,12.75
11,14,12.75
11,14,12.75
11,10,1.5
11,10,1.5
11,10,1.5
11,10,1.5
11,10,1.5
11,10,1.5
11,10,1.5
11,10,1.5
11,10,1.5
11,10,1.5
11,10,1.5
11,10,1.5
11,10,1.5
11,10,1.5
11,10,1.5
11,10,1.5
11,11,1.25
11,11,1.25
11,11,1.25
11,11,1.25
11,11,1.25
11,11,1.25
11,11,1.25
11,11,1.25
11,11,1.25
11,11,1.25
11,11,1.25
11,11,1.25
11,11,1.25
11,11,1.25
11,11,1.25
11,11,1.25
11,13,1.25
11,13,1.25
11,13,1.25
11,13,1.25
11,13,1.25
11,13,1.25
11,13,1.25
11,13,1.25
11,13,1.25
11,13,1.25
11,13,1.25
11,13,1.25
11,13,1.25
11,13,1.25
11,13,1.25
11,13,1.25
12,2,11
12,2,11
12,2,11
12,2,11
12,2,11
12,2,11
12,2,11
12,2,11
12,2,11
12,2,11
12,2,11
12,2,11
12,2,11
12,2,11
12,2,11
12,2,11
12,4,10
12,4,10
12,4,10
12,4,10
12,4,10
12,4,10
12,4,10
12,4,10
12,4,10
12,4,10
12,4,10
12,4,10
12,4,10
12,4,10
12,4,10
12,4,10
12,5,11
12,5,11
12,5,11
12,5,11
12,5,11
12,5,11
12,5,11
12,5,11
12,5,11
12,5,11
12,5,11
12,5,11
12,5,11
12,5,11
12,5,11
12,5,11
12,10,9
12,10,9
12,10,9
12,10,9
12,10,9
12,10,9
12,10,9
12,10,9
12,10,9
12,10,9
12,10,9
12,10,9
12,10,9
12,10,9
12,10,9
12,10,9
12,8,10
12,8,10
12,8,10
12,8,10
12,8,10
12,8,10
12,8,10
12,8,10
12,8,10
12,8,10
12,8,10
12,8,10
12,8,10
12,8,10
12,8,10
12,8,10
12,9,6
12,9,6
12,9,6
12,9,6
12,9,6
12,9,6
12,9,6
12,9,6
12,9,6
12,9,6
12,9,6
12,9,6
12,9,6
12,9,6
12,9,6
12,9,6
13,2,3
13,2,3
13,2,3
13,2,3
13,2,3
13,2,3
13,2,3
13,2,3
13,2,3
13,2,3
13,2,3
13,2,3
13,2,3
13,2,3
13,2,3
13,2,3
13,4,2
13,4,2
13,4,2
13,4,2
13,4,2
13,4,2
13,4,2
13,4,2
13,4,2
13,4,2
13,4,2
13,4,2
13,4,2
13,4,2
13,4,2
13,4,2
13,13,10
13,13,10
13,13,10
13,13,10
13,13,10
13,13,10
13,13,10
13,13,10
13,13,10
13,13,10
13,13,10
13,13,10
13,13,10
13,13,10
13,13,10
13,13,10
13,10,1
13,10,1
13,10,1
13,10,1
13,10,1
13,10,1
13,10,1
13,10,1
13,10,1
13,10,1
13,10,1
13,10,1
13,10,1
13,10,1
13,10,1
13,10,1
13,6,5
13,6,5
13,6,5
13,6,5
13,6,5
13,6,5
13,6,5
13,6,5
13,6,5
13,6,5
13,6,5
13,6,5
13,6,5
13,6,5
13,6,5
13,6,5
13,8,3
13,8,3
13,8,3
13,8,3
13,8,3
13,8,3
13,8,3
13,8,3
13,8,3
13,8,3
13,8,3
13,8,3
13,8,3
13,8,3
13,8,3
13,8,3
13,9,2
13,9,2
13,9,2
13,9,2
13,9,2
13,9,2
13,9,2
13,9,2
13,9,2
13,9,2
13,9,2
13,9,2
13,9,2
13,9,2
13,9,2
13,5,2
13,5,2
13,5,2
13,5,2
13,5,2
13,5,2
13,5,2
13,5,2
13,5,2
13,5,2
13,5,2
13,5,2
13,5,2
13,5,2
13,5,2
13,5,2
13,5,2
14,3,12
14,3,12
14,3,12
14,3,12
14,3,12
14,3,12
14,3,12
14,3,12
14,3,12
14,3,12
14,3,12
14,3,12
14,3,12
14,3,12
14,3,12
14,5,12
14,5,12
14,5,12
14,5,12
14,5,12
14,5,12
14,5,12
14,5,12
14,5,12
14,5,12
14,5,12
14,5,12
14,5,12
14,5,12
14,5,12
14,9,12
14,9,12
14,9,12
14,9,12
14,9,12
14,9,12
14,9,12
14,9,12
14,9,12
14,9,12
14,9,12
14,9,12
14,9,12
14,9,12
14,9,12
14,11,12
14,11,12
14,11,12
14,11,12
14,11,12
14,11,12
14,11,12
14,11,12
14,11,12
14,11,12
14,11,12
14,11,12
14,11,12
14,11,12
14,11,12
14,11,12
14,12,12
14,12,12
14,12,12
14,12,12
14,12,12
14,12,12
14,12,12
14,12,12
14,12,12
14,12,12
14,12,12
14,12,12
14,12,12
14,12,12
14,12,12
14,12,12
15,1,11
15,1,11
15,1,11
15,1,11
15,1,11
15,1,11
15,1,11
15,1,11
15,1,11
15,1,11
15,1,11
15,1,11
15,1,11
15,1,11
15,1,11
15,1,11
15,2,12
15,2,12
15,2,12
15,2,12
15,2,12
15,2,12
15,2,12
15,2,12
15,2,12
15,2,12
15,2,12
15,2,12
15,2,12
15,2,12
15,2,12
15,2,12
15,3,12
15,3,12
15,3,12
15,3,12
15,3,12
15,3,12
15,3,12
15,3,12
15,3,12
15,3,12
15,3,12
15,3,12
15,3,12
15,3,12
15,3,12
15,3,12
15,4,10
15,4,10
15,4,10
15,4,10
15,4,10
15,4,10
15,4,10
15,4,10
15,4,10
15,4,10
15,4,10
15,4,10
15,4,10
15,4,10
15,4,10
15,4,10
15,6,10
15,6,10
15,6,10
15,6,10
15,6,10
15,6,10
15,6,10
15,6,10
15,6,10
15,6,10
15,6,10
15,6,10
15,6,10
15,6,10
15,6,10
15,6,10
15,7,1
15,7,1
15,7,1
15,7,1
15,7,1
15,7,1
15,7,1
15,7,1
15,7,1
15,7,1
15,7,1
15,7,1
15,7,1
15,7,1
15,7,1
15,7,1
15,8,10
15,8,10
15,8,10
15,8,10
15,8,10
15,8,10
15,8,10
15,8,10
15,8,10
15,8,10
15,8,10
15,8,10
15,8,10
15,8,10
15,8,10
15,8,10
15,9,11
15,9,11
15,9,11
15,9,11
15,9,11
15,9,11
15,9,11
15,9,11
15,9,11
15,9,11
15,9,11
15,9,11
15,9,11
15,9,11
15,9,11
15,9,11
15,10,11
15,10,11
15,10,11
15,10,11
15,10,11
15,10,11
15,10,11
15,10,11
15,10,11
15,10,11
15,10,11
15,10,11
15,10,11
15,10,11
15,10,11
15,10,11
15,13,12
15,13,12
15,13,12
15,13,12
15,13,12
15,13,12
15,13,12
15,13,12
15,13,12
15,13,12
15,13,12
15,13,12
15,13,12
15,13,12
15,13,12
15,13,12
15,12,12
15,12,12
15,12,12
15,12,12
15,12,12
15,12,12
15,12,12
15,12,12
15,12,12
15,12,12
15,12,12
15,12,12
15,12,12
15,12,12
15,12,12
15,12,12
16,1,4.5
16,1,4.5
16,1,4.5
16,1,4.5
16,1,4.5
16,1,4.5
16,1,4.5
16,1,4.5
16,1,4.5
16,1,4.5
16,1,4.5
16,1,4.5
16,1,4.5
16,1,4.5
16,1,4.5
16,1,4.5
16,2,4
16,2,4
16,2,4
16,2,4
16,2,4
16,2,4
16,2,4
16,2,4
16,2,4
16,2,4
16,2,4
16,2,4
16,2,4
16,2,4
16,2,4
16,2,4
16,4,3
16,4,3
16,4,3
16,4,3
16,4,3
16,4,3
16,4,3
16,4,3
16,4,3
16,4,3
16,4,3
16,4,3
16,4,3
16,4,3
16,4,3
16,4,3
16,6,4
16,6,4
16,6,4
16,6,4
16,6,4
16,6,4
16,6,4
16,6,4
16,6,4
16,6,4
16,6,4
16,6,4
16,6,4
16,6,4
16,6,4
16,6,4
16,7,4
16,7,4
16,7,4
16,7,4
16,7,4
16,7,4
16,7,4
16,7,4
16,7,4
16,7,4
16,7,4
16,7,4
16,7,4
16,7,4
16,7,4
16,7,4
16,8,4
16,8,4
16,8,4
16,8,4
16,8,4
16,8,4
16,8,4
16,8,4
16,8,4
16,8,4
16,8,4
16,8,4
16,8,4
16,8,4
16,8,4
16,8,4
16,10,4
16,10,4
16,10,4
16,10,4
16,10,4
16,10,4
16,10,4
16,10,4
16,10,4
16,10,4
16,10,4
16,10,4
16,10,4
16,10,4
16,10,4
16,10,4
16,13,4
16,13,4
16,13,4
16,13,4
16,13,4
16,13,4
16,13,4
16,13,4
16,13,4
16,13,4
16,13,4
16,13,4
16,13,4
16,13,4
16,13,4
16,13,4
16,12,4
16,12,4
16,12,4
16,12,4
16,12,4
16,12,4
16,12,4
16,12,4
16,12,4
16,12,4
16,12,4
16,12,4
16,12,4
16,12,4
16,12,4
16,12,4
17,2,7
17,2,7
17,2,7
17,2,7
17,2,7
17,2,7
17,2,7
17,2,7
17,2,7
17,2,7
17,2,7
17,2,7
17,2,7
17,2,7
17,2,7
17,2,7
17,5,7
17,5,7
17,5,7
17,5,7
17,5,7
17,5,7
17,5,7
17,5,7
17,5,7
17,5,7
17,5,7
17,5,7
17,5,7
17,5,7
17,5,7
17,5,7
17,6,7
17,6,7
17,6,7
17,6,7
17,6,7
17,6,7
17,6,7
17,6,7
17,6,7
17,6,7
17,6,7
17,6,7
17,6,7
17,6,7
17,6,7
17,6,7
17,8,7
17,8,7
17,8,7
17,8,7
17,8,7
17,8,7
17,8,7
17,8,7
17,8,7
17,8,7
17,8,7
17,8,7
17,8,7
17,8,7
17,8,7
17,8,7
17,9,7
17,9,7
17,9,7
17,9,7
17,9,7
17,9,7
17,9,7
17,9,7
17,9,7
17,9,7
17,9,7
17,9,7
17,9,7
17,9,7
17,9,7
17,9,7
17,10,7
17,10,7
17,10,7
17,10,7
17,10,7
17,10,7
17,10,7
17,10,7
17,10,7
17,10,7
17,10,7
17,10,7
17,10,7
17,10,7
17,10,7
17,10,7
17,13,7
17,13,7
17,13,7
17,13,7
17,13,7
17,13,7
17,13,7
17,13,7
17,13,7
17,13,7
17,13,7
17,13,7
17,13,7
17,13,7
17,13,7
17,13,7
18,1,11
18,1,11
18,1,11
18,1,11
18,1,11
18,1,11
18,1,11
18,1,11
18,1,11
18,1,11
18,1,11
18,1,11
18,1,11
18,1,11
18,1,11
18,1,11
18,2,2.25
18,2,2.25
18,2,2.25
18,2,2.25
18,2,2.25
18,2,2.25
18,2,2.25
18,2,2.25
18,2,2.25
18,2,2.25
18,2,2.25
18,2,2.25
18,2,2.25
18,2,2.25
18,2,2.25
18,2,2.25
18,3,8
18,3,8
18,3,8
18,3,8
18,3,8
18,3,8
18,3,8
18,3,8
18,3,8
18,3,8
18,3,8
18,3,8
18,3,8
18,3,8
18,3,8
18,3,8
18,5,11
18,5,11
18,5,11
18,5,11
18,5,11
18,5,11
18,5,11
18,5,11
18,5,11
18,5,11
18,5,11
18,5,11
18,5,11
18,5,11
18,5,11
18,5,11
18,7,4
18,7,4
18,7,4
18,7,4
18,7,4
18,7,4
18,7,4
18,7,4
18,7,4
18,7,4
18,7,4
18,7,4
18,7,4
18,7,4
18,7,4
18,7,4
18,8,3
18,8,3
18,8,3
18,8,3
18,8,3
18,8,3
18,8,3
18,8,3
18,8,3
18,8,3
18,8,3
18,8,3
18,8,3
18,8,3
18,8,3
18,8,3
18,14,10
18,14,10
18,14,10
18,14,10
18,14,10
18,14,10
18,14,10
18,14,10
18,14,10
18,14,10
18,14,10
18,14,10
18,14,10
18,14,10
18,14,10
18,14,10
18,10,11
18,10,11
18,10,11
18,10,11
18,10,11
18,10,11
18,10,11
18,10,11
18,10,11
18,10,11
18,10,11
18,10,11
18,10,11
18,10,11
18,10,11
18,10,11
19,1,3
19,1,3
19,1,3
19,1,3
19,1,3
19,1,3
19,1,3
19,1,3
19,1,3
19,1,3
19,1,3
19,1,3
19,1,3
19,1,3
19,1,3
19,1,3
19,3,4.5
19,3,4.5
19,3,4.5
19,3,4.5
19,3,4.5
19,3,4.5
19,3,4.5
19,3,4.5
19,3,4.5
19,3,4.5
19,3,4.5
19,3,4.5
19,3,4.5
19,3,4.5
19,3,4.5
19,3,4.5
19,5,3
19,5,3
19,5,3
19,5,3
19,5,3
19,5,3
19,5,3
19,5,3
19,5,3
19,5,3
19,5,3
19,5,3
19,5,3
19,5,3
19,5,3
19,5,3
19,7,10
19,7,10
19,7,10
19,7,10
19,7,10
19,7,10
19,7,10
19,7,10
19,7,10
19,7,10
19,7,10
19,7,10
19,7,10
19,7,10
19,7,10
19,7,10
19,8,4
19,8,4
19,8,4
19,8,4
19,8,4
19,8,4
19,8,4
19,8,4
19,8,4
19,8,4
19,8,4
19,8,4
19,8,4
19,8,4
19,8,4
19,8,4
19,14,4
19,14,4
19,14,4
19,14,4
19,14,4
19,14,4
19,14,4
19,14,4
19,14,4
19,14,4
19,14,4
19,14,4
19,14,4
19,14,4
19,14,4
19,14,4
19,10,4.25
19,10,4.25
19,10,4.25
19,10,4.25
19,10,4.25
19,10,4.25
19,10,4.25
19,10,4.25
19,10,4.25
19,10,4.25
19,10,4.25
19,10,4.25
19,10,4.25
19,10,4.25
19,10,4.25
19,10,4.25
20,2,11
20,2,11
20,2,11
20,2,11
20,2,11
20,2,11
20,2,11
20,2,11
20,2,11
20,2,11
20,2,11
20,2,11
20,2,11
20,2,11
20,2,11
20,2,11
20,4,10
20,4,10
20,4,10
20,4,10
20,4,10
20,4,10
20,4,10
20,4,10
20,4,10
20,4,10
20,4,10
20,4,10
20,4,10
20,4,10
20,4,10
20,4,10
20,5,11
20,5,11
20,5,11
20,5,11
20,5,11
20,5,11
20,5,11
20,5,11
20,5,11
20,5,11
20,5,11
20,5,11
20,5,11
20,5,11
20,5,11
20,5,11
20,6,11
20,6,11
20,6,11
20,6,11
20,6,11
20,6,11
20,6,11
20,6,11
20,6,11
20,6,11
20,6,11
20,6,11
20,6,11
20,6,11
20,6,11
20,6,11
20,7,11
20,7,11
20,7,11
20,7,11
20,7,11
20,7,11
20,7,11
20,7,11
20,7,11
20,7,11
20,7,11
20,7,11
20,7,11
20,7,11
20,7,11
20,7,11
20,8,11
20,8,11
20,8,11
20,8,11
20,8,11
20,8,11
20,8,11
20,8,11
20,8,11
20,8,11
20,8,11
20,8,11
20,8,11
20,8,11
20,8,11
20,8,11
20,9,11
20,9,11
20,9,11
20,9,11
20,9,11
20,9,11
20,9,11
20,9,11
20,9,11
20,9,11
20,9,11
20,9,11
20,9,11
20,9,11
20,9,11
20,9,11
20,10,10
20,10,10
20,10,10
20,10,10
20,10,10
20,10,10
20,10,10
20,10,10
20,10,10
20,10,10
20,10,10
20,10,10
20,10,10
20,10,10
20,10,10
20,10,10
20,13,11
20,13,11
20,13,11
20,13,11
20,13,11
20,13,11
20,13,11
20,13,11
20,13,11
20,13,11
20,13,11
20,13,11
20,13,11
20,13,11
20,13,11
20,13,11
21,1,10
21,1,10
21,1,10
21,1,10
21,1,10
21,1,10
21,1,10
21,1,10
21,1,10
21,1,10
21,1,10
21,1,10
21,1,10
21,1,10
21,1,10
21,1,10
21,2,10
21,2,10
21,2,10
21,2,10
21,2,10
21,2,10
21,2,10
21,2,10
21,2,10
21,2,10
21,2,10
21,2,10
21,2,10
21,2,10
21,2,10
21,2,10
21,3,10.25
21,3,10.25
21,3,10.25
21,3,10.25
21,3,10.25
21,3,10.25
21,3,10.25
21,3,10.25
21,3,10.25
21,3,10.25
21,3,10.25
21,3,10.25
21,3,10.25
21,3,10.25
21,3,10.25
21,3,10.25
21,4,9
21,4,9
21,4,9
21,4,9
21,4,9
21,4,9
21,4,9
21,4,9
21,4,9
21,4,9
21,4,9
21,4,9
21,4,9
21,4,9
21,4,9
21,4,9
21,5,9
21,5,9
21,5,9
21,5,9
21,5,9
21,5,9
21,5,9
21,5,9
21,5,9
21,5,9
21,5,9
21,5,9
21,5,9
21,5,9
21,5,9
21,5,9
21,8,10
21,8,10
21,8,10
21,8,10
21,8,10
21,8,10
21,8,10
21,8,10
21,8,10
21,8,10
21,8,10
21,8,10
21,8,10
21,8,10
21,8,10
21,8,10
21,14,11
21,14,11
21,14,11
21,14,11
21,14,11
21,14,11
21,14,11
21,14,11
21,14,11
21,14,11
21,14,11
21,14,11
21,14,11
21,14,11
21,14,11
21,14,11
21,9,8
21,9,8
21,9,8
21,9,8
21,9,8
21,9,8
21,9,8
21,9,8
21,9,8
21,9,8
21,9,8
21,9,8
21,9,8
21,9,8
21,9,8
21,9,8
21,10,10
21,10,10
21,10,10
21,10,10
21,10,10
21,10,10
21,10,10
21,10,10
21,10,10
21,10,10
21,10,10
21,10,10
21,10,10
21,10,10
21,10,10
21,10,10
21,12,8
21,12,8
21,12,8
21,12,8
21,12,8
21,12,8
21,12,8
21,12,8
21,12,8
21,12,8
21,12,8
21,12,8
21,12,8
21,12,8
21,12,8
21,12,8
22,1,4
22,1,4
22,1,4
22,1,4
22,1,4
22,1,4
22,1,4
22,1,4
22,1,4
22,1,4
22,1,4
22,1,4
22,1,4
22,1,4
22,1,4
22,1,4
22,2,3
22,2,3
22,2,3
22,2,3
22,2,3
22,2,3
22,2,3
22,2,3
22,2,3
22,2,3
22,2,3
22,2,3
22,2,3
22,2,3
22,2,3
22,2,3
22,3,4
22,3,4
22,3,4
22,3,4
22,3,4
22,3,4
22,3,4
22,3,4
22,3,4
22,3,4
22,3,4
22,3,4
22,3,4
22,3,4
22,3,4
22,3,4
22,4,3
22,4,3
22,4,3
22,4,3
22,4,3
22,4,3
22,4,3
22,4,3
22,4,3
22,4,3
22,4,3
22,4,3
22,4,3
22,4,3
22,4,3
22,4,3
22,5,3
22,5,3
22,5,3
22,5,3
22,5,3
22,5,3
22,5,3
22,5,3
22,5,3
22,5,3
22,5,3
22,5,3
22,5,3
22,5,3
22,5,3
22,5,3
22,8,5
22,8,5
22,8,5
22,8,5
22,8,5
22,8,5
22,8,5
22,8,5
22,8,5
22,8,5
22,8,5
22,8,5
22,8,5
22,8,5
22,8,5
22,8,5
22,14,7
22,14,7
22,14,7
22,14,7
22,14,7
22,14,7
22,14,7
22,14,7
22,14,7
22,14,7
22,14,7
22,14,7
22,14,7
22,14,7
22,14,7
22,14,7
22,9,2
22,9,2
22,9,2
22,9,2
22,9,2
22,9,2
22,9,2
22,9,2
22,9,2
22,9,2
22,9,2
22,9,2
22,9,2
22,9,2
22,9,2
22,9,2
22,10,6
22,10,6
22,10,6
22,10,6
22,10,6
22,10,6
22,10,6
22,10,6
22,10,6
22,10,6
22,10,6
22,10,6
22,10,6
22,10,6
22,10,6
22,10,6
22,12,6
22,12,6
22,12,6
22,12,6
22,12,6
22,12,6
22,12,6
22,12,6
22,12,6
22,12,6
22,12,6
22,12,6
22,12,6
22,12,6
22,12,6
22,12,6
23,2,4
23,2,4
23,2,4
23,2,4
23,2,4
23,2,4
23,2,4
23,2,4
23,2,4
23,2,4
23,2,4
23,2,4
23,2,4
23,2,4
23,2,4
23,2,4
23,5,4
23,5,4
23,5,4
23,5,4
23,5,4
23,5,4
23,5,4
23,5,4
23,5,4
23,5,4
23,5,4
23,5,4
23,5,4
23,5,4
23,5,4
23,5,4
23,14,4.5
23,14,4.5
23,14,4.5
23,14,4.5
23,14,4.5
23,14,4.5
23,14,4.5
23,14,4.5
23,14,4.5
23,14,4.5
23,14,4.5
23,14,4.5
23,14,4.5
23,14,4.5
23,14,4.5
23,14,4.5
23,9,4.5
23,9,4.5
23,9,4.5
23,9,4.5
23,9,4.5
23,9,4.5
23,9,4.5
23,9,4.5
23,9,4.5
23,9,4.5
23,9,4.5
23,9,4.5
23,9,4.5
23,9,4.5
23,9,4.5
23,9,4.5
23,10,3.5
23,10,3.5
23,10,3.5
23,10,3.5
23,10,3.5
23,10,3.5
23,10,3.5
23,10,3.5
23,10,3.5
23,10,3.5
23,10,3.5
23,10,3.5
23,10,3.5
23,10,3.5
23,10,3.5
23,10,3.5
24,1,1.5
24,1,1.5
24,1,1.5
24,1,1.5
24,1,1.5
24,1,1.5
24,1,1.5
24,1,1.5
24,1,1.5
24,1,1.5
24,1,1.5
24,1,1.5
24,1,1.5
24,1,1.5
24,1,1.5
24,1,1.5
24,3,9
24,3,9
24,3,9
24,3,9
24,3,9
24,3,9
24,3,9
24,3,9
24,3,9
24,3,9
24,3,9
24,3,9
24,3,9
24,3,9
24,3,9
24,3,9
24,5,9
24,5,9
24,5,9
24,5,9
24,5,9
24,5,9
24,5,9
24,5,9
24,5,9
24,5,9
24,5,9
24,5,9
24,5,9
24,5,9
24,5,9
24,5,9
24,6,3.25
24,6,3.25
24,6,3.25
24,6,3.25
24,6,3.25
24,6,3.25
24,6,3.25
24,6,3.25
24,6,3.25
24,6,3.25
24,6,3.25
24,6,3.25
24,6,3.25
24,6,3.25
24,6,3.25
24,6,3.25
24,7,10.5
24,7,10.5
24,7,10.5
24,7,10.5
24,7,10.5
24,7,10.5
24,7,10.5
24,7,10.5
24,7,10.5
24,7,10.5
24,7,10.5
24,7,10.5
24,7,10.5
24,7,10.5
24,7,10.5
24,7,10.5
24,8,2.5
24,8,2.5
24,8,2.5
24,8,2.5
24,8,2.5
24,8,2.5
24,8,2.5
24,8,2.5
24,8,2.5
24,8,2.5
24,8,2.5
24,8,2.5
24,8,2.5
24,8,2.5
24,8,2.5
24,8,2.5
24,14,2.5
24,14,2.5
24,14,2.5
24,14,2.5
24,14,2.5
24,14,2.5
24,14,2.5
24,14,2.5
24,14,2.5
24,14,2.5
24,14,2.5
24,14,2.5
24,14,2.5
24,14,2.5
24,14,2.5
24,14,2.5
24,9,9.5
24,9,9.5
24,9,9.5
24,9,9.5
24,9,9.5
24,9,9.5
24,9,9.5
24,9,9.5
24,9,9.5
24,9,9.5
24,9,9.5
24,9,9.5
24,9,9.5
24,9,9.5
24,9,9.5
24,9,9.5
24,13,2.5
24,13,2.5
24,13,2.5
24,13,2.5
24,13,2.5
24,13,2.5
24,13,2.5
24,13,2.5
24,13,2.5
24,13,2.5
24,13,2.5
24,13,2.5
24,13,2.5
24,13,2.5
24,13,2.5
24,13,2.5
25,1,11
25,1,11
25,1,11
25,1,11
25,1,11
25,1,11
25,1,11
25,1,11
25,1,11
25,1,11
25,1,11
25,1,11
25,1,11
25,1,11
25,1,11
25,1,11
25,3,10
25,3,10
25,3,10
25,3,10
25,3,10
25,3,10
25,3,10
25,3,10
25,3,10
25,3,10
25,3,10
25,3,10
25,3,10
25,3,10
25,3,10
25,3,10
25,4,10
25,4,10
25,4,10
25,4,10
25,4,10
25,4,10
25,4,10
25,4,10
25,4,10
25,4,10
25,4,10
25,4,10
25,4,10
25,4,10
25,4,10
25,4,10
25,5,10.5
25,5,10.5
25,5,10.5
25,5,10.5
25,5,10.5
25,5,10.5
25,5,10.5
25,5,10.5
25,5,10.5
25,5,10.5
25,5,10.5
25,5,10.5
25,5,10.5
25,5,10.5
25,5,10.5
25,5,10.5
25,7,10.25
25,7,10.25
25,7,10.25
25,7,10.25
25,7,10.25
25,7,10.25
25,7,10.25
25,7,10.25
25,7,10.25
25,7,10.25
25,7,10.25
25,7,10.25
25,7,10.25
25,7,10.25
25,7,10.25
25,7,10.25
25,8,11
25,8,11
25,8,11
25,8,11
25,8,11
25,8,11
25,8,11
25,8,11
25,8,11
25,8,11
25,8,11
25,8,11
25,8,11
25,8,11
25,8,11
25,8,11
25,10,12
25,10,12
25,10,12
25,10,12
25,10,12
25,10,12
25,10,12
25,10,12
25,10,12
25,10,12
25,10,12
25,10,12
25,10,12
25,10,12
25,10,12
25,10,12
25,11,10.25
25,11,10.25
25,11,10.25
25,11,10.25
25,11,10.25
25,11,10.25
25,11,10.25
25,11,10.25
25,11,10.25
25,11,10.25
25,11,10.25
25,11,10.25
25,11,10.25
25,11,10.25
25,11,10.25
25,11,10.25
25,13,11
25,13,11
25,13,11
25,13,11
25,13,11
25,13,11
25,13,11
25,13,11
25,13,11
25,13,11
25,13,11
25,13,11
25,13,11
25,13,11
25,13,11
25,13,11
25,12,10.25
25,12,10.25
25,12,10.25
25,12,10.25
25,12,10.25
25,12,10.25
25,12,10.25
25,12,10.25
25,12,10.25
25,12,10.25
25,12,10.25
25,12,10.25
25,12,10.25
25,12,10.25
25,12,10.25
25,12,10.25
26,1,1
26,1,1
26,1,1
26,1,1
26,1,1
26,1,1
26,1,1
26,1,1
26,1,1
26,1,1
26,1,1
26,1,1
26,1,1
26,1,1
26,1,1
26,1,1
26,6,3.5
26,6,3.5
26,6,3.5
26,6,3.5
26,6,3.5
26,6,3.5
26,6,3.5
26,6,3.5
26,6,3.5
26,6,3.5
26,6,3.5
26,6,3.5
26,6,3.5
26,6,3.5
26,6,3.5
26,6,3.5
26,7,2.5
26,7,2.5
26,7,2.5
26,7,2.5
26,7,2.5
26,7,2.5
26,7,2.5
26,7,2.5
26,7,2.5
26,7,2.5
26,7,2.5
26,7,2.5
26,7,2.5
26,7,2.5
26,7,2.5
26,7,2.5
26,10,2.5
26,10,2.5
26,10,2.5
26,10,2.5
26,10,2.5
26,10,2.5
26,10,2.5
26,10,2.5
26,10,2.5
26,10,2.5
26,10,2.5
26,10,2.5
26,10,2.5
26,10,2.5
26,10,2.5
26,10,2.5
26,13,3
26,13,3
26,13,3
26,13,3
26,13,3
26,13,3
26,13,3
26,13,3
26,13,3
26,13,3
26,13,3
26,13,3
26,13,3
26,13,3
26,13,3
26,13,3
27,1,1.75
27,1,1.75
27,1,1.75
27,1,1.75
27,1,1.75
27,1,1.75
27,1,1.75
27,1,1.75
27,1,1.75
27,1,1.75
27,1,1.75
27,1,1.75
27,1,1.75
27,1,1.75
27,1,1.75
27,1,1.75
27,5,1.75
27,5,1.75
27,5,1.75
27,5,1.75
27,5,1.75
27,5,1.75
27,5,1.75
27,5,1.75
27,5,1.75
27,5,1.75
27,5,1.75
27,5,1.75
27,5,1.75
27,5,1.75
27,5,1.75
27,5,1.75
27,6,1.75
27,6,1.75
27,6,1.75
27,6,1.75
27,6,1.75
27,6,1.75
27,6,1.75
27,6,1.75
27,6,1.75
27,6,1.75
27,6,1.75
27,6,1.75
27,6,1.75
27,6,1.75
27,6,1.75
27,6,1.75
27,7,1.75
27,7,1.75
27,7,1.75
27,7,1.75
27,7,1.75
27,7,1.75
27,7,1.75
27,7,1.75
27,7,1.75
27,7,1.75
27,7,1.75
27,7,1.75
27,7,1.75
27,7,1.75
27,7,1.75
27,7,1.75
27,8,1.75
27,8,1.75
27,8,1.75
27,8,1.75
27,8,1.75
27,8,1.75
27,8,1.75
27,8,1.75
27,8,1.75
27,8,1.75
27,8,1.75
27,8,1.75
27,8,1.75
27,8,1.75
27,8,1.75
27,8,1.75
27,14,1.75
27,14,1.75
27,14,1.75
27,14,1.75
27,14,1.75
27,14,1.75
27,14,1.75
27,14,1.75
27,14,1.75
27,14,1.75
27,14,1.75
27,14,1.75
27,14,1.75
27,14,1.75
27,14,1.75
27,14,1.75
27,9,1.75
27,9,1.75
27,9,1.75
27,9,1.75
27,9,1.75
27,9,1.75
27,9,1.75
27,9,1.75
27,9,1.75
27,9,1.75
27,9,1.75
27,9,1.75
27,9,1.75
27,9,1.75
27,9,1.75
27,9,1.75
27,10,1.75
27,10,1.75
27,10,1.75
27,10,1.75
27,10,1.75
27,10,1.75
27,10,1.75
27,10,1.75
27,10,1.75
27,10,1.75
27,10,1.75
27,10,1.75
27,10,1.75
27,10,1.75
27,10,1.75
27,10,1.75
28,2,12
28,2,12
28,2,12
28,2,12
28,2,12
28,2,12
28,2,12
28,2,12
28,2,12
28,2,12
28,2,12
28,2,12
28,2,12
28,2,12
28,2,12
28,2,12
28,3,12
28,3,12
28,3,12
28,3,12
28,3,12
28,3,12
28,3,12
28,3,12
28,3,12
28,3,12
28,3,12
28,3,12
28,3,12
28,3,12
28,3,12
28,3,12
28,5,12
28,5,12
28,5,12
28,5,12
28,5,12
28,5,12
28,5,12
28,5,12
28,5,12
28,5,12
28,5,12
28,5,12
28,5,12
28,5,12
28,5,12
28,5,12
28,6,12
28,6,12
28,6,12
28,6,12
28,6,12
28,6,12
28,6,12
28,6,12
28,6,12
28,6,12
28,6,12
28,6,12
28,6,12
28,6,12
28,6,12
28,6,12
28,8,12
28,8,12
28,8,12
28,8,12
28,8,12
28,8,12
28,8,12
28,8,12
28,8,12
28,8,12
28,8,12
28,8,12
28,8,12
28,8,12
28,8,12
28,8,12
28,9,12
28,9,12
28,9,12
28,9,12
28,9,12
28,9,12
28,9,12
28,9,12
28,9,12
28,9,12
28,9,12
28,9,12
28,9,12
28,9,12
28,9,12
28,9,12
28,10,12
28,10,12
28,10,12
28,10,12
28,10,12
28,10,12
28,10,12
28,10,12
28,10,12
28,10,12
28,10,12
28,10,12
28,10,12
28,10,12
28,10,12
28,10,12
28,11,12
28,11,12
28,11,12
28,11,12
28,11,12
28,11,12
28,11,12
28,11,12
28,11,12
28,11,12
28,11,12
28,11,12
28,11,12
28,11,12
28,11,12
28,11,12
28,13,12
28,13,12
28,13,12
28,13,12
28,13,12
28,13,12
28,13,12
28,13,12
28,13,12
28,13,12
28,13,12
28,13,12
28,13,12
28,13,12
28,13,12
28,13,12
29,1,7.75
29,1,7.75
29,1,7.75
29,1,7.75
29,1,7.75
29,1,7.75
29,1,7.75
29,1,7.75
29,1,7.75
29,1,7.75
29,1,7.75
29,1,7.75
29,1,7.75
29,1,7.75
29,1,7.75
29,1,7.75
29,3,7.75
29,3,7.75
29,3,7.75
29,3,7.75
29,3,7.75
29,3,7.75
29,3,7.75
29,3,7.75
29,3,7.75
29,3,7.75
29,3,7.75
29,3,7.75
29,3,7.75
29,3,7.75
29,3,7.75
29,3,7.75
29,5,7.75
29,5,7.75
29,5,7.75
29,5,7.75
29,5,7.75
29,5,7.75
29,5,7.75
29,5,7.75
29,5,7.75
29,5,7.75
29,5,7.75
29,5,7.75
29,5,7.75
29,5,7.75
29,5,7.75
29,5,7.75
29,14,7.75
29,14,7.75
29,14,7.75
29,14,7.75
29,14,7.75
29,14,7.75
29,14,7.75
29,14,7.75
29,14,7.75
29,14,7.75
29,14,7.75
29,14,7.75
29,14,7.75
29,14,7.75
29,14,7.75
29,14,7.75
29,10,7.75
29,10,7.75
29,10,7.75
29,10,7.75
29,10,7.75
29,10,7.75
29,10,7.75
29,10,7.75
29,10,7.75
29,10,7.75
29,10,7.75
29,10,7.75
29,10,7.75
29,10,7.75
29,10,7.75
29,10,7.75
30,1,3
30,1,3
30,1,3
30,1,3
30,1,3
30,1,3
30,1,3
30,1,3
30,1,3
30,1,3
30,1,3
30,1,3
30,1,3
30,1,3
30,1,3
30,1,3
30,2,3
30,2,3
30,2,3
30,2,3
30,2,3
30,2,3
30,2,3
30,2,3
30,2,3
30,2,3
30,2,3
30,2,3
30,2,3
30,2,3
30,2,3
30,2,3
30,4,3
30,4,3
30,4,3
30,4,3
30,4,3
30,4,3
30,4,3
30,4,3
30,4,3
30,4,3
30,4,3
30,4,3
30,4,3
30,4,3
30,4,3
30,4,3
30,5,3
30,5,3
30,5,3
30,5,3
30,5,3
30,5,3
30,5,3
30,5,3
30,5,3
30,5,3
30,5,3
30,5,3
30,5,3
30,5,3
30,5,3
30,5,3
30,6,3
30,6,3
30,6,3
30,6,3
30,6,3
30,6,3
30,6,3
30,6,3
30,6,3
30,6,3
30,6,3
30,6,3
30,6,3
30,6,3
30,6,3
30,6,3
30,7,3
30,7,3
30,7,3
30,7,3
30,7,3
30,7,3
30,7,3
30,7,3
30,7,3
30,7,3
30,7,3
30,7,3
30,7,3
30,7,3
30,7,3
30,7,3
30,8,4
30,8,4
30,8,4
30,8,4
30,8,4
30,8,4
30,8,4
30,8,4
30,8,4
30,8,4
30,8,4
30,8,4
30,8,4
30,8,4
30,8,4
30,8,4
30,14,4
30,14,4
30,14,4
30,14,4
30,14,4
30,14,4
30,14,4
30,14,4
30,14,4
30,14,4
30,14,4
30,14,4
30,14,4
30,14,4
30,14,4
30,14,4
30,9,3
30,9,3
30,9,3
30,9,3
30,9,3
30,9,3
30,9,3
30,9,3
30,9,3
30,9,3
30,9,3
30,9,3
30,9,3
30,9,3
30,9,3
30,9,3
30,10,3.25
30,10,3.25
30,10,3.25
30,10,3.25
30,10,3.25
30,10,3.25
30,10,3.25
30,10,3.25
30,10,3.25
30,10,3.25
30,10,3.25
30,10,3.25
30,10,3.25
30,10,3.25
30,10,3.25
30,10,3.25
30,13,3
30,13,3
30,13,3
30,13,3
30,13,3
30,13,3
30,13,3
30,13,3
30,13,3
30,13,3
30,13,3
30,13,3
30,13,3
30,13,3
30,13,3
30,13,3
31,2,1
31,2,1
31,2,1
31,2,1
31,2,1
31,2,1
31,2,1
31,2,1
31,2,1
31,2,1
31,2,1
31,2,1
31,2,1
31,2,1
31,2,1
31,2,1
31,6,1
31,6,1
31,6,1
31,6,1
31,6,1
31,6,1
31,6,1
31,6,1
31,6,1
31,6,1
31,6,1
31,6,1
31,6,1
31,6,1
31,6,1
31,6,1
31,8,1
31,8,1
31,8,1
31,8,1
31,8,1
31,8,1
31,8,1
31,8,1
31,8,1
31,8,1
31,8,1
31,8,1
31,8,1
31,8,1
31,8,1
31,8,1
31,9,1
31,9,1
31,9,1
31,9,1
31,9,1
31,9,1
31,9,1
31,9,1
31,9,1
31,9,1
31,9,1
31,9,1
31,9,1
31,9,1
31,9,1
31,9,1
31,10,1
31,10,1
31,10,1
31,10,1
31,10,1
31,10,1
31,10,1
31,10,1
31,10,1
31,10,1
31,10,1
31,10,1
31,10,1
31,10,1
31,10,1
31,10,1
31,11,1
31,11,1
31,11,1
31,11,1
31,11,1
31,11,1
31,11,1
31,11,1
31,11,1
31,11,1
31,11,1
31,11,1
31,11,1
31,11,1
31,11,1
31,11,1
31,13,1
31,13,1
31,13,1
31,13,1
31,13,1
31,13,1
31,13,1
31,13,1
31,13,1
31,13,1
31,13,1
31,13,1
31,13,1
31,13,1
31,13,1
31,13,1
32,2,4
32,2,4
32,2,4
32,2,4
32,2,4
32,2,4
32,2,4
32,2,4
32,2,4
32,2,4
32,2,4
32,2,4
32,2,4
32,2,4
32,2,4
32,2,4
32,4,4.5
32,4,4.5
32,4,4.5
32,4,4.5
32,4,4.5
32,4,4.5
32,4,4.5
32,4,4.5
32,4,4.5
32,4,4.5
32,4,4.5
32,4,4.5
32,4,4.5
32,4,4.5
32,4,4.5
32,4,4.5
32,5,4.5
32,5,4.5
32,5,4.5
32,5,4.5
32,5,4.5
32,5,4.5
32,5,4.5
32,5,4.5
32,5,4.5
32,5,4.5
32,5,4.5
32,5,4.5
32,5,4.5
32,5,4.5
32,5,4.5
32,5,4.5
32,6,3.5
32,6,3.5
32,6,3.5
32,6,3.5
32,6,3.5
32,6,3.5
32,6,3.5
32,6,3.5
32,6,3.5
32,6,3.5
32,6,3.5
32,6,3.5
32,6,3.5
32,6,3.5
32,6,3.5
32,6,3.5
32,9,4.5
32,9,4.5
32,9,4.5
32,9,4.5
32,9,4.5
32,9,4.5
32,9,4.5
32,9,4.5
32,9,4.5
32,9,4.5
32,9,4.5
32,9,4.5
32,9,4.5
32,9,4.5
32,9,4.5
32,9,4.5
32,10,3.25
32,10,3.25
32,10,3.25
32,10,3.25
32,10,3.25
32,10,3.25
32,10,3.25
32,10,3.25
32,10,3.25
32,10,3.25
32,10,3.25
32,10,3.25
32,10,3.25
32,10,3.25
32,10,3.25
32,10,3.25
32,11,3
32,11,3
32,11,3
32,11,3
32,11,3
32,11,3
32,11,3
32,11,3
32,11,3
32,11,3
32,11,3
32,11,3
32,11,3
32,11,3
32,11,3
32,11,3
32,13,4.5
32,13,4.5
32,13,4.5
32,13,4.5
32,13,4.5
32,13,4.5
32,13,4.5
32,13,4.5
32,13,4.5
32,13,4.5
32,13,4.5
32,13,4.5
32,13,4.5
32,13,4.5
32,13,4.5
32,13,4.5
33,1,12
33,1,12
33,1,12
33,1,12
33,1,12
33,1,12
33,1,12
33,1,12
33,1,12
33,1,12
33,1,12
33,1,12
33,1,12
33,1,12
33,1,12
33,1,12
33,2,10.25
33,2,10.25
33,2,10.25
33,2,10.25
33,2,10.25
33,2,10.25
33,2,10.25
33,2,10.25
33,2,10.25
33,2,10.25
33,2,10.25
33,2,10.25
33,2,10.25
33,2,10.25
33,2,10.25
33,2,10.25
33,3,12
33,3,12
33,3,12
33,3,12
33,3,12
33,3,12
33,3,12
33,3,12
33,3,12
33,3,12
33,3,12
33,3,12
33,3,12
33,3,12
33,3,12
33,3,12
33,4,11
33,4,11
33,4,11
33,4,11
33,4,11
33,4,11
33,4,11
33,4,11
33,4,11
33,4,11
33,4,11
33,4,11
33,4,11
33,4,11
33,4,11
33,4,11
33,5,10.5
33,5,10.5
33,5,10.5
33,5,10.5
33,5,10.5
33,5,10.5
33,5,10.5
33,5,10.5
33,5,10.5
33,5,10.5
33,5,10.5
33,5,10.5
33,5,10.5
33,5,10.5
33,5,10.5
33,5,10.5
33,6,11.25
33,6,11.25
33,6,11.25
33,6,11.25
33,6,11.25
33,6,11.25
33,6,11.25
33,6,11.25
33,6,11.25
33,6,11.25
33,6,11.25
33,6,11.25
33,6,11.25
33,6,11.25
33,6,11.25
33,6,11.25
33,7,12
33,7,12
33,7,12
33,7,12
33,7,12
33,7,12
33,7,12
33,7,12
33,7,12
33,7,12
33,7,12
33,7,12
33,7,12
33,7,12
33,7,12
33,7,12
33,8,9
33,8,9
33,8,9
33,8,9
33,8,9
33,8,9
33,8,9
33,8,9
33,8,9
33,8,9
33,8,9
33,8,9
33,8,9
33,8,9
33,8,9
33,8,9
33,14,12
33,14,12
33,14,12
33,14,12
33,14,12
33,14,12
33,14,12
33,14,12
33,14,12
33,14,12
33,14,12
33,14,12
33,14,12
33,14,12
33,14,12
33,14,12
33,9,12
33,9,12
33,9,12
33,9,12
33,9,12
33,9,12
33,9,12
33,9,12
33,9,12
33,9,12
33,9,12
33,9,12
33,9,12
33,9,12
33,9,12
33,9,12
33,10,11.25
33,10,11.25
33,10,11.25
33,10,11.25
33,10,11.25
33,10,11.25
33,10,11.25
33,10,11.25
33,10,11.25
33,10,11.25
33,10,11.25
33,10,11.25
33,10,11.25
33,10,11.25
33,10,11.25
33,10,11.25
33,11,10.25
33,11,10.25
33,11,10.25
33,11,10.25
33,11,10.25
33,11,10.25
33,11,10.25
33,11,10.25
33,11,10.25
33,11,10.25
33,11,10.25
33,11,10.25
33,11,10.25
33,11,10.25
33,11,10.25
33,11,10.25
33,13,10.25
33,13,10.25
33,13,10.25
33,13,10.25
33,13,10.25
33,13,10.25
33,13,10.25
33,13,10.25
33,13,10.25
33,13,10.25
33,13,10.25
33,13,10.25
33,13,10.25
33,13,10.25
33,13,10.25
33,13,10.25
33,12,12
33,12,12
33,12,12
33,12,12
33,12,12
33,12,12
33,12,12
33,12,12
33,12,12
33,12,12
33,12,12
33,12,12
33,12,12
33,12,12
33,12,12
33,12,12
34,1,12
34,1,12
34,1,12
34,1,12
34,1,12
34,1,12
34,1,12
34,1,12
34,1,12
34,1,12
34,1,12
34,1,12
34,1,12
34,1,12
34,1,12
34,1,12
34,2,11.5
34,2,11.5
34,2,11.5
34,2,11.5
34,2,11.5
34,2,11.5
34,2,11.5
34,2,11.5
34,2,11.5
34,2,11.5
34,2,11.5
34,2,11.5
34,2,11.5
34,2,11.5
34,2,11.5
34,2,11.5
34,3,12
34,3,12
34,3,12
34,3,12
34,3,12
34,3,12
34,3,12
34,3,12
34,3,12
34,3,12
34,3,12
34,3,12
34,3,12
34,3,12
34,3,12
34,3,12
34,4,11
34,4,11
34,4,11
34,4,11
34,4,11
34,4,11
34,4,11
34,4,11
34,4,11
34,4,11
34,4,11
34,4,11
34,4,11
34,4,11
34,4,11
34,4,11
34,5,11.5
34,5,11.5
34,5,11.5
34,5,11.5
34,5,11.5
34,5,11.5
34,5,11.5
34,5,11.5
34,5,11.5
34,5,11.5
34,5,11.5
34,5,11.5
34,5,11.5
34,5,11.5
34,5,11.5
34,5,11.5
34,6,11.5
34,6,11.5
34,6,11.5
34,6,11.5
34,6,11.5
34,6,11.5
34,6,11.5
34,6,11.5
34,6,11.5
34,6,11.5
34,6,11.5
34,6,11.5
34,6,11.5
34,6,11.5
34,6,11.5
34,6,11.5
34,7,10
34,7,10
34,7,10
34,7,10
34,7,10
34,7,10
34,7,10
34,7,10
34,7,10
34,7,10
34,7,10
34,7,10
34,7,10
34,7,10
34,7,10
34,7,10
34,8,11
34,8,11
34,8,11
34,8,11
34,8,11
34,8,11
34,8,11
34,8,11
34,8,11
34,8,11
34,8,11
34,8,11
34,8,11
34,8,11
34,8,11
34,8,11
34,14,10
34,14,10
34,14,10
34,14,10
34,14,10
34,14,10
34,14,10
34,14,10
34,14,10
34,14,10
34,14,10
34,14,10
34,14,10
34,14,10
34,14,10
34,14,10
34,9,11.5
34,9,11.5
34,9,11.5
34,9,11.5
34,9,11.5
34,9,11.5
34,9,11.5
34,9,11.5
34,9,11.5
34,9,11.5
34,9,11.5
34,9,11.5
34,9,11.5
34,9,11.5
34,9,11.5
34,9,11.5
34,10,11.5
34,10,11.5
34,10,11.5
34,10,11.5
34,10,11.5
34,10,11.5
34,10,11.5
34,10,11.5
34,10,11.5
34,10,11.5
34,10,11.5
34,10,11.5
34,10,11.5
34,10,11.5
34,10,11.5
34,10,11.5
34,13,11.5
34,13,11.5
34,13,11.5
34,13,11.5
34,13,11.5
34,13,11.5
34,13,11.5
34,13,11.5
34,13,11.5
34,13,11.5
34,13,11.5
34,13,11.5
34,13,11.5
34,13,11.5
34,13,11.5
34,13,11.5
34,12,12
34,12,12
34,12,12
34,12,12
34,12,12
34,12,12
34,12,12
34,12,12
34,12,12
34,12,12
34,12,12
34,12,12
34,12,12
34,12,12
34,12,12
34,12,12
35,2,8
35,2,8
35,2,8
35,2,8
35,2,8
35,2,8
35,2,8
35,2,8
35,2,8
35,2,8
35,2,8
35,2,8
35,2,8
35,2,8
35,2,8
35,2,8
35,3,12
35,3,12
35,3,12
35,3,12
35,3,12
35,3,12
35,3,12
35,3,12
35,3,12
35,3,12
35,3,12
35,3,12
35,3,12
35,3,12
35,3,12
35,3,12
35,4,7
35,4,7
35,4,7
35,4,7
35,4,7
35,4,7
35,4,7
35,4,7
35,4,7
35,4,7
35,4,7
35,4,7
35,4,7
35,4,7
35,4,7
35,4,7
35,5,11
35,5,11
35,5,11
35,5,11
35,5,11
35,5,11
35,5,11
35,5,11
35,5,11
35,5,11
35,5,11
35,5,11
35,5,11
35,5,11
35,5,11
35,5,11
36,5,4
36,5,4
36,5,4
36,5,4
36,5,4
36,5,4
36,5,4
36,5,4
36,5,4
36,5,4
36,5,4
36,5,4
36,5,4
36,5,4
36,5,4
36,5,4
36,6,4
36,6,4
36,6,4
36,6,4
36,6,4
36,6,4
36,6,4
36,6,4
36,6,4
36,6,4
36,6,4
36,6,4
36,6,4
36,6,4
36,6,4
36,6,4
37,6,11
37,6,11
37,6,11
37,6,11
37,6,11
37,6,11
37,6,11
37,6,11
37,6,11
37,6,11
37,6,11
37,6,11
37,6,11
37,6,11
37,6,11
37,6,11
37,7,11
37,7,11
37,7,11
37,7,11
37,7,11
37,7,11
37,7,11
37,7,11
37,7,11
37,7,11
37,7,11
37,7,11
37,7,11
37,7,11
37,7,11
37,7,11
37,8,2
37,8,2
37,8,2
37,8,2
37,8,2
37,8,2
37,8,2
37,8,2
37,8,2
37,8,2
37,8,2
37,8,2
37,8,2
37,8,2
37,8,2
37,8,2
37,9,11
37,9,11
37,9,11
37,9,11
37,9,11
37,9,11
37,9,11
37,9,11
37,9,11
37,9,11
37,9,11
37,9,11
37,9,11
37,9,11
37,9,11
37,9,11
37,10,12
37,10,12
37,10,12
37,10,12
37,10,12
37,10,12
37,10,12
37,10,12
37,10,12
37,10,12
37,10,12
37,10,12
37,10,12
37,10,12
37,10,12
37,10,12
37,13,12
37,13,12
37,13,12
37,13,12
37,13,12
37,13,12
37,13,12
37,13,12
37,13,12
37,13,12
37,13,12
37,13,12
37,13,12
37,13,12
37,13,12
37,13,12
38,1,2.75
38,1,2.75
38,1,2.75
38,1,2.75
38,1,2.75
38,1,2.75
38,1,2.75
38,1,2.75
38,1,2.75
38,1,2.75
38,1,2.75
38,1,2.75
38,1,2.75
38,1,2.75
38,1,2.75
38,1,2.75
38,2,2.75
38,2,2.75
38,2,2.75
38,2,2.75
38,2,2.75
38,2,2.75
38,2,2.75
38,2,2.75
38,2,2.75
38,2,2.75
38,2,2.75
38,2,2.75
38,2,2.75
38,2,2.75
38,2,2.75
38,2,2.75
38,5,2.75
38,5,2.75
38,5,2.75
38,5,2.75
38,5,2.75
38,5,2.75
38,5,2.75
38,5,2.75
38,5,2.75
38,5,2.75
38,5,2.75
38,5,2.75
38,5,2.75
38,5,2.75
38,5,2.75
38,5,2.75
38,6,2.75
38,6,2.75
38,6,2.75
38,6,2.75
38,6,2.75
38,6,2.75
38,6,2.75
38,6,2.75
38,6,2.75
38,6,2.75
38,6,2.75
38,6,2.75
38,6,2.75
38,6,2.75
38,6,2.75
38,6,2.75
38,8,2.75
38,8,2.75
38,8,2.75
38,8,2.75
38,8,2.75
38,8,2.75
38,8,2.75
38,8,2.75
38,8,2.75
38,8,2.75
38,8,2.75
38,8,2.75
38,8,2.75
38,8,2.75
38,8,2.75
38,8,2.75
38,9,2.75
38,9,2.75
38,9,2.75
38,9,2.75
38,9,2.75
38,9,2.75
38,9,2.75
38,9,2.75
38,9,2.75
38,9,2.75
38,9,2.75
38,9,2.75
38,9,2.75
38,9,2.75
38,9,2.75
38,9,2.75
38,10,2.75
38,10,2.75
38,10,2.75
38,10,2.75
38,10,2.75
38,10,2.75
38,10,2.75
38,10,2.75
38,10,2.75
38,10,2.75
38,10,2.75
38,10,2.75
38,10,2.75
38,10,2.75
38,10,2.75
38,10,2.75
39,1,10.5
39,1,10.5
39,1,10.5
39,1,10.5
39,1,10.5
39,1,10.5
39,1,10.5
39,1,10.5
39,1,10.5
39,1,10.5
39,1,10.5
39,1,10.5
39,1,10.5
39,1,10.5
39,1,10.5
39,1,10.5
39,2,10.5
39,2,10.5
39,2,10.5
39,2,10.5
39,2,10.5
39,2,10.5
39,2,10.5
39,2,10.5
39,2,10.5
39,2,10.5
39,2,10.5
39,2,10.5
39,2,10.5
39,2,10.5
39,2,10.5
39,2,10.5
39,3,9
39,3,9
39,3,9
39,3,9
39,3,9
39,3,9
39,3,9
39,3,9
39,3,9
39,3,9
39,3,9
39,3,9
39,3,9
39,3,9
39,3,9
39,3,9
39,4,10.5
39,4,10.5
39,4,10.5
39,4,10.5
39,4,10.5
39,4,10.5
39,4,10.5
39,4,10.5
39,4,10.5
39,4,10.5
39,4,10.5
39,4,10.5
39,4,10.5
39,4,10.5
39,4,10.5
39,4,10.5
39,5,10.5
39,5,10.5
39,5,10.5
39,5,10.5
39,5,10.5
39,5,10.5
39,5,10.5
39,5,10.5
39,5,10.5
39,5,10.5
39,5,10.5
39,5,10.5
39,5,10.5
39,5,10.5
39,5,10.5
39,5,10.5
39,8,11
39,8,11
39,8,11
39,8,11
39,8,11
39,8,11
39,8,11
39,8,11
39,8,11
39,8,11
39,8,11
39,8,11
39,8,11
39,8,11
39,8,11
39,8,11
39,14,10.5
39,14,10.5
39,14,10.5
39,14,10.5
39,14,10.5
39,14,10.5
39,14,10.5
39,14,10.5
39,14,10.5
39,14,10.5
39,14,10.5
39,14,10.5
39,14,10.5
39,14,10.5
39,14,10.5
39,14,10.5
39,9,10
39,9,10
39,9,10
39,9,10
39,9,10
39,9,10
39,9,10
39,9,10
39,9,10
39,9,10
39,9,10
39,9,10
39,9,10
39,9,10
39,9,10
39,9,10
39,10,11
39,10,11
39,10,11
39,10,11
39,10,11
39,10,11
39,10,11
39,10,11
39,10,11
39,10,11
39,10,11
39,10,11
39,10,11
39,10,11
39,10,11
39,10,11
39,12,10
39,12,10
39,12,10
39,12,10
39,12,10
39,12,10
39,12,10
39,12,10
39,12,10
39,12,10
39,12,10
39,12,10
39,12,10
39,12,10
39,12,10
39,12,10
40,1,3
40,1,3
40,1,3
40,1,3
40,1,3
40,1,3
40,1,3
40,1,3
40,1,3
40,1,3
40,1,3
40,1,3
40,1,3
40,1,3
40,1,3
40,1,3
40,2,4
40,2,4
40,2,4
40,2,4
40,2,4
40,2,4
40,2,4
40,2,4
40,2,4
40,2,4
40,2,4
40,2,4
40,2,4
40,2,4
40,2,4
40,2,4
40,3,4
40,3,4
40,3,4
40,3,4
40,3,4
40,3,4
40,3,4
40,3,4
40,3,4
40,3,4
40,3,4
40,3,4
40,3,4
40,3,4
40,3,4
40,3,4
40,4,2
40,4,2
40,4,2
40,4,2
40,4,2
40,4,2
40,4,2
40,4,2
40,4,2
40,4,2
40,4,2
40,4,2
40,4,2
40,4,2
40,4,2
40,4,2
40,5,3
40,5,3
40,5,3
40,5,3
40,5,3
40,5,3
40,5,3
40,5,3
40,5,3
40,5,3
40,5,3
40,5,3
40,5,3
40,5,3
40,5,3
40,5,3
40,8,4
40,8,4
40,8,4
40,8,4
40,8,4
40,8,4
40,8,4
40,8,4
40,8,4
40,8,4
40,8,4
40,8,4
40,8,4
40,8,4
40,8,4
40,8,4
40,14,2
40,14,2
40,14,2
40,14,2
40,14,2
40,14,2
40,14,2
40,14,2
40,14,2
40,14,2
40,14,2
40,14,2
40,14,2
40,14,2
40,14,2
40,14,2
40,9,4
40,9,4
40,9,4
40,9,4
40,9,4
40,9,4
40,9,4
40,9,4
40,9,4
40,9,4
40,9,4
40,9,4
40,9,4
40,9,4
40,9,4
40,9,4
40,10,4
40,10,4
40,10,4
40,10,4
40,10,4
40,10,4
40,10,4
40,10,4
40,10,4
40,10,4
40,10,4
40,10,4
40,10,4
40,10,4
40,10,4
40,10,4
40,12,4
40,12,4
40,12,4
40,12,4
40,12,4
40,12,4
40,12,4
40,12,4
40,12,4
40,12,4
40,12,4
40,12,4
40,12,4
40,12,4
40,12,4
40,12,4
41,1,4
41,1,4
41,1,4
41,1,4
41,1,4
41,1,4
41,1,4
41,1,4
41,1,4
41,1,4
41,1,4
41,1,4
41,1,4
41,1,4
41,1,4
41,1,4
41,2,5
41,2,5
41,2,5
41,2,5
41,2,5
41,2,5
41,2,5
41,2,5
41,2,5
41,2,5
41,2,5
41,2,5
41,2,5
41,2,5
41,2,5
41,2,5
41,3,4
41,3,4
41,3,4
41,3,4
41,3,4
41,3,4
41,3,4
41,3,4
41,3,4
41,3,4
41,3,4
41,3,4
41,3,4
41,3,4
41,3,4
41,3,4
41,4,5
41,4,5
41,4,5
41,4,5
41,4,5
41,4,5
41,4,5
41,4,5
41,4,5
41,4,5
41,4,5
41,4,5
41,4,5
41,4,5
41,4,5
41,4,5
41,5,5
41,5,5
41,5,5
41,5,5
41,5,5
41,5,5
41,5,5
41,5,5
41,5,5
41,5,5
41,5,5
41,5,5
41,5,5
41,5,5
41,5,5
41,5,5
41,12,5
41,12,5
41,12,5
41,12,5
41,12,5
41,12,5
41,12,5
41,12,5
41,12,5
41,12,5
41,12,5
41,12,5
41,12,5
41,12,5
41,12,5
41,12,5
41,13,4
41,13,4
41,13,4
41,13,4
41,13,4
41,13,4
41,13,4
41,13,4
41,13,4
41,13,4
41,13,4
41,13,4
41,13,4
41,13,4
41,13,4
41,13,4
41,11,4
41,11,4
41,11,4
41,11,4
41,11,4
41,11,4
41,11,4
41,11,4
41,11,4
41,11,4
41,11,4
41,11,4
41,11,4
41,11,4
41,11,4
41,11,4
41,10,6
41,10,6
41,10,6
41,10,6
41,10,6
41,10,6
41,10,6
41,10,6
41,10,6
41,10,6
41,10,6
41,10,6
41,10,6
41,10,6
41,10,6
41,10,6
41,9,5
41,9,5
41,9,5
41,9,5
41,9,5
41,9,5
41,9,5
41,9,5
41,9,5
41,9,5
41,9,5
41,9,5
41,9,5
41,9,5
41,9,5
41,9,5
41,14,5
41,14,5
41,14,5
41,14,5
41,14,5
41,14,5
41,14,5
41,14,5
41,14,5
41,14,5
41,14,5
41,14,5
41,14,5
41,14,5
41,14,5
41,14,5
41,8,6
41,8,6
41,8,6
41,8,6
41,8,6
41,8,6
41,8,6
41,8,6
41,8,6
41,8,6
41,8,6
41,8,6
41,8,6
41,8,6
41,8,6
41,8,6
41,7,4
41,7,4
41,7,4
41,7,4
41,7,4
41,7,4
41,7,4
41,7,4
41,7,4
41,7,4
41,7,4
41,7,4
41,7,4
41,7,4
41,7,4
41,7,4
41,6,4
41,6,4
41,6,4
41,6,4
41,6,4
41,6,4
41,6,4
41,6,4
41,6,4
41,6,4
41,6,4
41,6,4
41,6,4
41,6,4
41,6,4
41,6,4
41,5,5
41,5,5
41,5,5
41,5,5
41,5,5
41,5,5
41,5,5
41,5,5
41,5,5
41,5,5
41,5,5
41,5,5
41,5,5
41,5,5
41,5,5
41,5,5